{
  "mean": [
    0.9110268354415894,
    0.49728327989578247,
    0.8827449679374695,
    -1.7945477962493896,
    1.0513237714767456,
    1.493308424949646,
    -0.45294591784477234,
    -0.6673020124435425,
    -0.1517125964164734,
    -0.14254626631736755,
    -0.16773343086242676,
    0.5993578433990479,
    2.2244365215301514,
    0.729165256023407,
    -0.18451429903507233,
    1.5489002466201782,
    -1.60456120967865,
    1.4791066646575928,
    0.11706653982400894,
    1.3113638162612915,
    0.8199732899665833,
    -1.535953402519226,
    -1.2815994024276733,
    -0.44783687591552734,
    -0.7890892028808594,
    -0.23405060172080994,
    0.27043840289115906,
    -1.4567967653274536,
    0.9654610753059387,
    -0.564122200012207,
    -0.016304511576890945,
    -1.2201769351959229,
    -0.5665243864059448,
    -1.3703948259353638,
    -0.5317270755767822,
    1.363179326057434,
    0.9151711463928223,
    -0.3005932569503784,
    0.16098040342330933,
    -0.6170549988746643,
    0.7011017799377441,
    -0.9869454503059387,
    -0.1344117969274521,
    0.7993509769439697,
    -1.229453444480896,
    0.631475031375885,
    0.009968636557459831,
    1.5611352920532227,
    0.42355164885520935,
    1.23875892162323,
    -0.49584880471229553,
    -0.13485406339168549,
    0.10193002969026566,
    0.00635802187025547,
    0.43373629450798035,
    -0.2235780656337738,
    -0.32912179827690125,
    1.5020569562911987,
    -0.13024048507213593,
    1.8697224855422974,
    0.6897377967834473,
    -1.0550495386123657,
    0.3576293885707855
  ],
  "std": [
    1.0677129030227661,
    0.41250157356262207,
    1.0055705308914185,
    0.8642482161521912,
    0.6707598567008972,
    0.8630454540252686,
    0.7556759119033813,
    0.9727774858474731,
    0.903723955154419,
    0.5115655660629272,
    0.708220899105072,
    0.6725937724113464,
    0.8788110017776489,
    0.5212166905403137,
    1.3098647594451904,
    0.49275872111320496,
    0.38171371817588806,
    0.8184494376182556,
    1.1326618194580078,
    0.5846804976463318,
    1.0264748334884644,
    0.628193736076355,
    0.5471569895744324,
    0.8534389734268188,
    0.9854050874710083,
    0.647016167640686,
    1.1365923881530762,
    0.993943989276886,
    0.6440106630325317,
    1.1039543151855469,
    0.7767516374588013,
    0.5886289477348328,
    0.6986618638038635,
    0.506493091583252,
    1.130836009979248,
    1.103931188583374,
    0.6493940353393555,
    0.821505606174469,
    1.0478304624557495,
    0.5098039507865906,
    0.7699853777885437,
    0.8386943936347961,
    0.5134280323982239,
    0.9554442167282104,
    0.8659855723381042,
    1.0484063625335693,
    1.3281433582305908,
    1.0319677591323853,
    0.36696353554725647,
    0.687483549118042,
    0.9188913106918335,
    0.939594566822052,
    0.6391440629959106,
    0.722690999507904,
    1.1014894247055054,
    0.709970235824585,
    0.8721293210983276,
    0.83835369348526,
    1.0043385028839111,
    0.9461531639099121,
    1.0505447387695312,
    0.6299782395362854,
    0.8026635646820068
  ],
  "min": [
    -1.7422757148742676,
    -0.6623335480690002,
    -2.5385689735412598,
    -3.9276604652404785,
    -0.5941319465637207,
    -0.7170693874359131,
    -2.5670971870422363,
    -2.3787596225738525,
    -4.461633682250977,
    -1.781095027923584,
    -1.6186202764511108,
    -0.9451339840888977,
    -0.28289997577667236,
    -0.9121878743171692,
    -3.216148853302002,
    0.17747946083545685,
    -2.6800005435943604,
    -1.7303698062896729,
    -2.2130579948425293,
    -0.25864338874816895,
    -1.5802918672561646,
    -4.003591537475586,
    -2.767636299133301,
    -2.362917423248291,
    -4.879646301269531,
    -2.0345616340637207,
    -4.348357200622559,
    -4.216638088226318,
    -0.8474008440971375,
    -3.399526596069336,
    -2.217759609222412,
    -2.3487625122070312,
    -1.8610326051712036,
    -2.5208044052124023,
    -2.776991367340088,
    -2.1076560020446777,
    -1.6151407957077026,
    -2.1929235458374023,
    -2.928766965866089,
    -2.3752622604370117,
    -2.323371410369873,
    -4.106752395629883,
    -1.4480465650558472,
    -1.8472238779067993,
    -3.1416049003601074,
    -3.6164636611938477,
    -2.5170750617980957,
    -2.1289515495300293,
    -0.4888074994087219,
    -0.7131069302558899,
    -2.38572096824646,
    -2.2426483631134033,
    -2.069307804107666,
    -1.3760123252868652,
    -2.2544023990631104,
    -2.4814136028289795,
    -2.669724941253662,
    -0.9564482569694519,
    -2.1862049102783203,
    -0.30570682883262634,
    -1.249273657798767,
    -2.33013916015625,
    -1.3493094444274902
  ],
  "max": [
    3.006735324859619,
    1.5777229070663452,
    3.3161730766296387,
    0.1233440637588501,
    2.7356555461883545,
    3.9565792083740234,
    0.8831828832626343,
    1.3556387424468994,
    1.2136011123657227,
    1.1110448837280273,
    1.816100835800171,
    2.1256465911865234,
    4.403752326965332,
    2.1724987030029297,
    3.286803722381592,
    2.587207555770874,
    -0.5558239817619324,
    3.8634674549102783,
    4.450893402099609,
    2.7409698963165283,
    3.6178925037384033,
    0.13068002462387085,
    0.9208888411521912,
    1.9552403688430786,
    1.528232216835022,
    1.9859671592712402,
    2.973299026489258,
    0.6694915890693665,
    2.9237701892852783,
    2.0648653507232666,
    1.7587547302246094,
    0.6148018836975098,
    1.0561410188674927,
    -0.11579852551221848,
    2.9768590927124023,
    3.7001240253448486,
    2.538612127304077,
    1.4523605108261108,
    2.427854061126709,
    0.6850269436836243,
    2.7495641708374023,
    1.3819078207015991,
    1.3260935544967651,
    2.835632562637329,
    0.7624368667602539,
    3.065361261367798,
    5.170094013214111,
    4.087206840515137,
    1.3245830535888672,
    2.9007468223571777,
    2.401017904281616,
    2.5877773761749268,
    2.3132357597351074,
    1.4827383756637573,
    3.918447732925415,
    1.7919845581054688,
    2.047638177871704,
    4.3921895027160645,
    2.7551679611206055,
    5.32827615737915,
    5.119832515716553,
    0.7563979625701904,
    2.7935211658477783
  ],
  "global_mean": 0.10871762037277222,
  "global_std": 1.265763521194458,
  "global_min": -4.879646301269531,
  "global_max": 5.32827615737915
}